{"name":"ae7b9410-f5e2-47a9-919a-cbe922ca5e06","id":"/providers/Microsoft.Flow/flows/ae7b9410-f5e2-47a9-919a-cbe922ca5e06","type":"Microsoft.Flow/flows","properties":{"apiId":"/providers/Microsoft.PowerApps/apis/shared_logicflows","displayName":"Error Scope","definition":{"metadata":{"workflowEntityId":null,"processAdvisorMetadata":null,"flowChargedByPaygo":null,"flowclientsuspensionreason":"None","flowclientsuspensiontime":null,"flowclientsuspensionreasondetails":null,"creator":{"id":"428d1d2b-174b-47e8-be0b-686e2997d589","type":"User","tenantId":"dccb27bf-99c4-4985-b8d7-7581887a825e"},"provisioningMethod":"FromDefinition","failureAlertSubscription":true,"clientLastModifiedTime":"2025-04-01T14:46:49.1488142Z","connectionKeySavedTimeKey":"2025-04-01T14:46:49.1488142Z","creationSource":"Portal","modifiedSources":"Portal"},"$schema":"https://schema.management.azure.com/providers/Microsoft.Logic/schemas/2016-06-01/workflowdefinition.json#","contentVersion":"undefined","parameters":{"$authentication":{"defaultValue":{},"type":"SecureObject"},"$connections":{"defaultValue":{},"type":"Object"}},"triggers":{"manual":{"type":"Request","kind":"Button","inputs":{"schema":{"type":"object","properties":{},"required":[]}}}},"actions":{"Main_Scope":{"actions":{"YOUR_FLOW_STEPS_GO_HERE":{"type":"Compose","inputs":"YOUR FLOW STEPS GO HERE"}},"runAfter":{"Initialize_variable_-_ErrorDetails":["Succeeded"]},"type":"Scope"},"Error_Scope":{"actions":{"Filter_results_of_Main_Scope":{"metadata":{"operationMetadataId":"c745deb2-66d4-42f0-a1b9-5be17f3d5ec4"},"type":"Query","inputs":{"from":"@result('Main_Scope')","where":"@contains(createArray('Failed', 'TimeOut'),item()['Status'])"}},"Apply_to_each_4":{"foreach":"@body('Filter_results_of_Main_Scope')","actions":{"Append_to_string_variable_2":{"metadata":{"operationMetadataId":"8cd128ee-a63a-4f8c-abbc-056af88bd99f"},"type":"AppendToStringVariable","inputs":{"name":"ErrorDetails","value":"There was an issue with action @{items('Apply_to_each_4')['name']}\nStatus: @{items('Apply_to_each_4')['status']}\nCode: @{items('Apply_to_each_4')['code']}"}}},"runAfter":{"Filter_results_of_Main_Scope":["Succeeded"]},"metadata":{"operationMetadataId":"7728baba-1e69-496e-992a-4f1e9786e416"},"type":"Foreach"},"Terminate_2":{"runAfter":{"Send_an_email_(V2)":["Succeeded"]},"metadata":{"operationMetadataId":"25e14aac-b691-408b-8d97-57fb26f15187"},"type":"Terminate","inputs":{"runStatus":"Failed"}},"Send_an_email_(V2)":{"runAfter":{"Apply_to_each_4":["Succeeded"]},"type":"OpenApiConnection","inputs":{"parameters":{"emailMessage/To":"youremail@enstoa.com","emailMessage/Subject":"@{workflow()['tags']['flowDisplayName']} Flow has failed","emailMessage/Body":"<p class=\"editor-paragraph\">@{workflow()['tags']['flowDisplayName']} Flow has failed<br><br>Your flow has failed. You can find the run failure details by clicking on the url below.<br><br>@{concat('https://flow.microsoft.com/manage/environments/', workflow()?['tags']['environmentName'], '/flows/', workflow()?['name'], '/runs/', workflow()?['run']['name'])}<br><br><br>@{variables('ErrorDetails')}</p>","emailMessage/Importance":"High"},"host":{"apiId":"/providers/Microsoft.PowerApps/apis/shared_office365","connectionName":"shared_office365-1","operationId":"SendEmailV2"},"authentication":{"value":"@json(decodeBase64(triggerOutputs().headers['X-MS-APIM-Tokens']))['$ConnectionKey']","type":"Raw"}}}},"runAfter":{"Main_Scope":["TimedOut","Skipped","Failed"]},"metadata":{"operationMetadataId":"c9e8bc2e-36f2-4fec-b3c2-6e3a33f0392b"},"type":"Scope"},"Initialize_variable_-_ErrorDetails":{"runAfter":{"How_to_use_this_template":["Succeeded"]},"metadata":{"operationMetadataId":"b85eb998-15bf-4d62-afa9-f47fab662353"},"type":"InitializeVariable","inputs":{"variables":[{"name":"ErrorDetails","type":"string"}]}},"How_to_use_this_template":{"runAfter":{},"type":"Compose","inputs":"1. The main scope should have your flow.\n2. Initialize variable like above in ErrorDetails\n3. Adjust items in Error Scope to match your email preferences (you can also send a Teams message to a channel)\n4. Change run after settings for Error Scope"}}},"connectionReferences":{"shared_office365-1":{"connectionName":"shared-office365-baead0ba-59a0-4ecd-b837-402ffaf4a6ca","source":"Invoker","id":"/providers/Microsoft.PowerApps/apis/shared_office365","tier":"NotSpecified","apiName":"office365"}},"flowFailureAlertSubscribed":false,"isManaged":false}}